[
    {
        "id": "ce3f6e7a41353d9d",
        "type": "tab",
        "label": "Final Project",
        "disabled": false,
        "info": "",
        "env": []
    },
    {
        "id": "c94f055c43946b0f",
        "type": "group",
        "z": "ce3f6e7a41353d9d",
        "style": {
            "stroke": "#999999",
            "stroke-opacity": "1",
            "fill": "none",
            "fill-opacity": "1",
            "label": true,
            "label-position": "nw",
            "color": "#a4a4a4"
        },
        "nodes": [
            "dd56bab7cd1ab5a5",
            "0fe9dd724d608621",
            "3f20b22b43cf9f36",
            "990f96ab5cd3ef15",
            "54e97a40a9194036",
            "796958c4b03e919f",
            "1ef64690b179e9e8",
            "5c6ee0745df68b18",
            "f7c16d8a7bf06167"
        ],
        "x": 274,
        "y": 959,
        "w": 1252,
        "h": 328
    },
    {
        "id": "6e99029b2ce4ed19",
        "type": "group",
        "z": "ce3f6e7a41353d9d",
        "style": {
            "stroke": "#999999",
            "stroke-opacity": "1",
            "fill": "none",
            "fill-opacity": "1",
            "label": true,
            "label-position": "nw",
            "color": "#a4a4a4"
        },
        "nodes": [
            "c27156420a3aac7c",
            "65da09d57d74ef9a",
            "58630ac2f0e58cf4",
            "503cb7c801fc892f",
            "264f29cdf44131df",
            "c1296082810c3ff5",
            "895cefdc3ce56d2f",
            "34ac4e905839ae86",
            "6edfc54d7098064c",
            "0e0f282b700d51ae",
            "15dca6887c2f1d4e",
            "8f10f605ef7317f8",
            "a57faeb958ab1ec6",
            "61907d5dcf05288e",
            "9f04f11cb559a7ae",
            "dc863f7e11897ea3",
            "e47777b38fdd90b9",
            "da8e31beafdb887e",
            "2ec478484cedf80b"
        ],
        "x": 274,
        "y": 239,
        "w": 1012,
        "h": 442
    },
    {
        "id": "501e1619b93c7c36",
        "type": "group",
        "z": "ce3f6e7a41353d9d",
        "style": {
            "stroke": "#999999",
            "stroke-opacity": "1",
            "fill": "none",
            "fill-opacity": "1",
            "label": true,
            "label-position": "nw",
            "color": "#a4a4a4"
        },
        "nodes": [
            "d4745d9473b56f9a",
            "059afd3e8ba4dc43",
            "241f8b2ac127d807",
            "f7a8b4b21574e2c9",
            "ca547a61edbe30a0",
            "60c854ad6f68d342",
            "caf1af0d060a4fa9",
            "2b8e0ea67f6838c6"
        ],
        "x": 274,
        "y": 719,
        "w": 872,
        "h": 202
    },
    {
        "id": "1ef64690b179e9e8",
        "type": "group",
        "z": "ce3f6e7a41353d9d",
        "g": "c94f055c43946b0f",
        "style": {
            "stroke": "#999999",
            "stroke-opacity": "1",
            "fill": "none",
            "fill-opacity": "1",
            "label": true,
            "label-position": "nw",
            "color": "#a4a4a4"
        },
        "nodes": [
            "8e13bf6ab4787ae3",
            "f7bc4fc7d5a4abb7",
            "8d7950563ba4e304",
            "3fbe6408b82b7c80"
        ],
        "x": 534,
        "y": 1119,
        "w": 652,
        "h": 142
    },
    {
        "id": "c27156420a3aac7c",
        "type": "function",
        "z": "ce3f6e7a41353d9d",
        "g": "6e99029b2ce4ed19",
        "name": "Check-In Service",
        "func": "var count = global.get('table_count');\nvar queue = global.get('customer_queue') || [];  // Retrieve queue from global context\n\nif (count === undefined) {\n    count = 8;  // Default number of tables\n}\n\nvar response = {}; // Create a response object\n\n// When a new customer checks in\nif (msg.payload === \"new customer\") {\n    if (count > 0) {\n        count -= 1;  // Assign table\n        response.message = \"Welcome! Please have a seat!\";\n    } else {\n        var checkInNum = Math.floor(Math.random() * 1000); // Generate check-in number\n        queue.push(checkInNum);  // Add customer to queue\n        global.set('customer_queue', queue);\n        \n        response.message = \"Check-in #\" + checkInNum + \",\" + (queue.length - 1) + \" people ahead\";\n        response.check_in_number = checkInNum;\n    }\n}\n\n// When a table is freed or added\nelse if (msg.payload === \"add\") {\n    if (queue.length > 0) {\n        var nextCustomer = queue.shift();  // Get first customer in queue\n        global.set('customer_queue', queue);\n        \n        response.message = \"Customer #\" + nextCustomer + \" can enter.\";\n    } else if (count < 8) {\n        count += 1;  // Increment table count if no one is in queue\n        response.message = \"Table added.\";\n    }\n}\n\n// Store updated table count\nglobal.set('table_count', count);\n\n// Return structured response\nresponse.current_queue = queue;\nresponse.tables_left = count;\nresponse.queue_length = queue.length;\nmsg.payload = response;\nreturn msg;\n\n",
        "outputs": 1,
        "timeout": "",
        "noerr": 0,
        "initialize": "",
        "finalize": "",
        "libs": [],
        "x": 630,
        "y": 420,
        "wires": [
            [
                "58630ac2f0e58cf4",
                "0e0f282b700d51ae",
                "61907d5dcf05288e",
                "264f29cdf44131df",
                "895cefdc3ce56d2f",
                "9f04f11cb559a7ae"
            ]
        ]
    },
    {
        "id": "65da09d57d74ef9a",
        "type": "ui_button",
        "z": "ce3f6e7a41353d9d",
        "g": "6e99029b2ce4ed19",
        "name": "+ Table",
        "group": "9cc2d1438979d4ab",
        "order": 1,
        "width": 3,
        "height": 1,
        "passthru": false,
        "label": "➕ Add Table",
        "tooltip": "Increase available tables",
        "color": "white",
        "bgcolor": "green",
        "className": "",
        "icon": "",
        "payload": "add",
        "payloadType": "str",
        "topic": "",
        "topicType": "str",
        "x": 360,
        "y": 420,
        "wires": [
            [
                "c27156420a3aac7c"
            ]
        ]
    },
    {
        "id": "58630ac2f0e58cf4",
        "type": "ui_text",
        "z": "ce3f6e7a41353d9d",
        "g": "6e99029b2ce4ed19",
        "group": "9cc2d1438979d4ab",
        "order": 3,
        "width": 6,
        "height": 1,
        "name": "Available Tables",
        "label": "Tables Available: ",
        "format": "{{msg.payload.tables_left}}",
        "layout": "row-spread",
        "className": "",
        "style": false,
        "font": "",
        "fontSize": "",
        "color": "#000000",
        "x": 880,
        "y": 400,
        "wires": []
    },
    {
        "id": "503cb7c801fc892f",
        "type": "grove lcdrgb output",
        "z": "ce3f6e7a41353d9d",
        "g": "6e99029b2ce4ed19",
        "name": "LCD",
        "board": "7b76a3b029c4bbda",
        "pin": "1",
        "x": 1210,
        "y": 500,
        "wires": []
    },
    {
        "id": "264f29cdf44131df",
        "type": "function",
        "z": "ce3f6e7a41353d9d",
        "g": "6e99029b2ce4ed19",
        "name": "Setting Msg for LCD Display",
        "func": "output = msg.payload.message;\nmsg.payload = {\n    'text': output,\n    'rgb': [0, 255, 0]  // Green backlight\n};\nreturn msg;\n\n",
        "outputs": 1,
        "timeout": 0,
        "noerr": 2,
        "initialize": "",
        "finalize": "",
        "libs": [],
        "x": 920,
        "y": 500,
        "wires": [
            [
                "503cb7c801fc892f"
            ]
        ]
    },
    {
        "id": "c1296082810c3ff5",
        "type": "ui_button",
        "z": "ce3f6e7a41353d9d",
        "g": "6e99029b2ce4ed19",
        "name": "System Reset",
        "group": "9cc2d1438979d4ab",
        "order": 2,
        "width": 3,
        "height": 1,
        "passthru": false,
        "label": "System Reset",
        "tooltip": "press to send message to lcd for availatable table",
        "color": "white",
        "bgcolor": "green",
        "className": "",
        "icon": "",
        "payload": "subtract",
        "payloadType": "str",
        "topic": "",
        "topicType": "str",
        "x": 380,
        "y": 340,
        "wires": [
            [
                "dc863f7e11897ea3"
            ]
        ]
    },
    {
        "id": "895cefdc3ce56d2f",
        "type": "delay",
        "z": "ce3f6e7a41353d9d",
        "g": "6e99029b2ce4ed19",
        "name": "",
        "pauseType": "delay",
        "timeout": "3",
        "timeoutUnits": "seconds",
        "rate": "1",
        "nbRateUnits": "1",
        "rateUnits": "second",
        "randomFirst": "1",
        "randomLast": "5",
        "randomUnits": "seconds",
        "drop": false,
        "allowrate": false,
        "outputs": 1,
        "x": 860,
        "y": 540,
        "wires": [
            [
                "34ac4e905839ae86"
            ]
        ]
    },
    {
        "id": "34ac4e905839ae86",
        "type": "function",
        "z": "ce3f6e7a41353d9d",
        "g": "6e99029b2ce4ed19",
        "name": "Revert LCD Display",
        "func": "msg.payload = {\n    'text': \"\",\n    'rgb': [0, 0, 255]  // Blue backlight\n};\n\nreturn msg",
        "outputs": 1,
        "timeout": 0,
        "noerr": 0,
        "initialize": "",
        "finalize": "",
        "libs": [],
        "x": 1050,
        "y": 540,
        "wires": [
            [
                "503cb7c801fc892f"
            ]
        ]
    },
    {
        "id": "6edfc54d7098064c",
        "type": "ui_audio",
        "z": "ce3f6e7a41353d9d",
        "g": "6e99029b2ce4ed19",
        "name": "",
        "group": "9cc2d1438979d4ab",
        "voice": "Microsoft David - English (United States)",
        "always": "",
        "x": 1100,
        "y": 340,
        "wires": []
    },
    {
        "id": "d4745d9473b56f9a",
        "type": "grove digital sensor",
        "z": "ce3f6e7a41353d9d",
        "g": "501e1619b93c7c36",
        "name": "DHT11",
        "board": "7b76a3b029c4bbda",
        "sensor": "dht11",
        "repeat": "2",
        "pin": "7",
        "x": 350,
        "y": 800,
        "wires": [
            [
                "60c854ad6f68d342"
            ]
        ]
    },
    {
        "id": "059afd3e8ba4dc43",
        "type": "ui_gauge",
        "z": "ce3f6e7a41353d9d",
        "g": "501e1619b93c7c36",
        "name": "Temperature",
        "group": "9cc2d1438979d4ab",
        "order": 0,
        "width": 0,
        "height": 0,
        "gtype": "gage",
        "title": "Temperature",
        "label": "Celsius",
        "format": "{{msg.payload.temp}}",
        "min": 0,
        "max": "45",
        "colors": [
            "#00b500",
            "#e6e600",
            "#ca3838"
        ],
        "seg1": "15",
        "seg2": "30",
        "diff": false,
        "className": "",
        "x": 610,
        "y": 880,
        "wires": []
    },
    {
        "id": "241f8b2ac127d807",
        "type": "function",
        "z": "ce3f6e7a41353d9d",
        "g": "501e1619b93c7c36",
        "name": "extract temperature",
        "func": "if (\n    !(isNaN(msg.payload['temperature'])) &&\n    !(isNaN(msg.payload['humidity'])) &&\n    !(isNaN(msg.payload['heatIndex'])) &&\n    msg.payload['temperature'] >= -100 && msg.payload['temperature'] <= 100 &&\n    msg.payload['humidity'] >= -100 && msg.payload['humidity'] <= 100\n) {\n    msg.topic = 'telemetry';\n    msg.payload = {\n        temp: msg.payload['temperature'],\n        hum: msg.payload['humidity'],\n        heat: msg.payload['heatIndex']\n    };\n    return msg; // Only return if values are within range\n}\n\n// Skip this batch (do not send any message forward)\nreturn null;\n",
        "outputs": 1,
        "timeout": 0,
        "noerr": 0,
        "initialize": "",
        "finalize": "",
        "libs": [],
        "x": 690,
        "y": 800,
        "wires": [
            [
                "059afd3e8ba4dc43",
                "f7a8b4b21574e2c9",
                "2b8e0ea67f6838c6",
                "caf1af0d060a4fa9"
            ]
        ]
    },
    {
        "id": "0e0f282b700d51ae",
        "type": "debug",
        "z": "ce3f6e7a41353d9d",
        "g": "6e99029b2ce4ed19",
        "name": "debug smartqueue",
        "active": true,
        "tosidebar": true,
        "console": false,
        "tostatus": false,
        "complete": "payload",
        "targetType": "msg",
        "statusVal": "",
        "statusType": "auto",
        "x": 890,
        "y": 600,
        "wires": []
    },
    {
        "id": "15dca6887c2f1d4e",
        "type": "grove digital sensor",
        "z": "ce3f6e7a41353d9d",
        "g": "6e99029b2ce4ed19",
        "name": "Ranger",
        "board": "7b76a3b029c4bbda",
        "sensor": "ultrasonic",
        "repeat": "1.5",
        "pin": "5",
        "x": 350,
        "y": 500,
        "wires": [
            [
                "8f10f605ef7317f8"
            ]
        ]
    },
    {
        "id": "8f10f605ef7317f8",
        "type": "switch",
        "z": "ce3f6e7a41353d9d",
        "g": "6e99029b2ce4ed19",
        "name": "Detect New Customers",
        "property": "payload",
        "propertyType": "msg",
        "rules": [
            {
                "t": "lte",
                "v": "2.5",
                "vt": "num"
            }
        ],
        "checkall": "true",
        "repair": false,
        "outputs": 1,
        "x": 590,
        "y": 560,
        "wires": [
            [
                "a57faeb958ab1ec6",
                "da8e31beafdb887e"
            ]
        ]
    },
    {
        "id": "a57faeb958ab1ec6",
        "type": "function",
        "z": "ce3f6e7a41353d9d",
        "g": "6e99029b2ce4ed19",
        "name": "Forward New Customer",
        "func": "msg.payload = \"new customer\";\nreturn msg",
        "outputs": 1,
        "timeout": 0,
        "noerr": 0,
        "initialize": "",
        "finalize": "",
        "libs": [],
        "x": 590,
        "y": 500,
        "wires": [
            [
                "c27156420a3aac7c"
            ]
        ]
    },
    {
        "id": "61907d5dcf05288e",
        "type": "ui_text",
        "z": "ce3f6e7a41353d9d",
        "g": "6e99029b2ce4ed19",
        "group": "9cc2d1438979d4ab",
        "order": 3,
        "width": 6,
        "height": 1,
        "name": "# Customer in Queue",
        "label": "# Customer in Queue: ",
        "format": "{{msg.payload.queue_length}}",
        "layout": "row-spread",
        "className": "",
        "style": false,
        "font": "",
        "fontSize": "",
        "color": "#000000",
        "x": 900,
        "y": 440,
        "wires": []
    },
    {
        "id": "9f04f11cb559a7ae",
        "type": "function",
        "z": "ce3f6e7a41353d9d",
        "g": "6e99029b2ce4ed19",
        "name": "Prepare Audio Msg",
        "func": "output = msg.payload.message;\nmsg.payload = output;\nreturn msg;",
        "outputs": 1,
        "timeout": 0,
        "noerr": 0,
        "initialize": "",
        "finalize": "",
        "libs": [],
        "x": 890,
        "y": 340,
        "wires": [
            [
                "6edfc54d7098064c"
            ]
        ]
    },
    {
        "id": "dc863f7e11897ea3",
        "type": "function",
        "z": "ce3f6e7a41353d9d",
        "g": "6e99029b2ce4ed19",
        "name": "Reset Global Vars",
        "func": "// Reset global variables\nglobal.set('customer_queue', []);  // Clear queue\nglobal.set('table_count', 8);  // Reset table count to default\n\n// Prepare response\nmsg.payload = {\n    message: \"System reset: Tables available set to 8, queue cleared.\",\n    tables_left: 8,\n    current_queue: [],\n    queue_length: 0\n};\n\nreturn msg;\n",
        "outputs": 1,
        "timeout": 0,
        "noerr": 0,
        "initialize": "",
        "finalize": "",
        "libs": [],
        "x": 610,
        "y": 340,
        "wires": [
            [
                "9f04f11cb559a7ae",
                "58630ac2f0e58cf4",
                "61907d5dcf05288e"
            ]
        ]
    },
    {
        "id": "f7a8b4b21574e2c9",
        "type": "ui_gauge",
        "z": "ce3f6e7a41353d9d",
        "g": "501e1619b93c7c36",
        "name": "Humidity",
        "group": "9cc2d1438979d4ab",
        "order": 0,
        "width": 0,
        "height": 0,
        "gtype": "gage",
        "title": "Humidity",
        "label": "%",
        "format": "{{msg.payload.hum}}",
        "min": 0,
        "max": "100",
        "colors": [
            "#00b500",
            "#e6e600",
            "#ca3838"
        ],
        "seg1": "30",
        "seg2": "60",
        "diff": false,
        "className": "",
        "x": 780,
        "y": 880,
        "wires": []
    },
    {
        "id": "dd56bab7cd1ab5a5",
        "type": "comment",
        "z": "ce3f6e7a41353d9d",
        "g": "c94f055c43946b0f",
        "name": "Custom Vision Model via Azure",
        "info": "",
        "x": 430,
        "y": 1000,
        "wires": []
    },
    {
        "id": "0fe9dd724d608621",
        "type": "file in",
        "z": "ce3f6e7a41353d9d",
        "g": "c94f055c43946b0f",
        "name": "getImage",
        "filename": "/home/pi/Desktop/pi_cam/imgs/image.jpg",
        "filenameType": "str",
        "format": "",
        "chunk": false,
        "sendError": false,
        "encoding": "none",
        "allProps": false,
        "x": 420,
        "y": 1160,
        "wires": [
            [
                "8e13bf6ab4787ae3"
            ]
        ]
    },
    {
        "id": "3f20b22b43cf9f36",
        "type": "inject",
        "z": "ce3f6e7a41353d9d",
        "g": "c94f055c43946b0f",
        "name": "",
        "props": [
            {
                "p": "payload"
            },
            {
                "p": "topic",
                "vt": "str"
            }
        ],
        "repeat": "60",
        "crontab": "",
        "once": true,
        "onceDelay": "1",
        "topic": "",
        "payload": "",
        "payloadType": "date",
        "x": 390,
        "y": 1060,
        "wires": [
            [
                "54e97a40a9194036"
            ]
        ]
    },
    {
        "id": "8e13bf6ab4787ae3",
        "type": "function",
        "z": "ce3f6e7a41353d9d",
        "g": "1ef64690b179e9e8",
        "name": "prepareToken",
        "func": "var image = msg.payload;\n\nmsg.headers = {\n  \"Prediction-Key\": \"BVxdo6qm756ojPiOeerWpxNYj8Jl9DDEpP6qmINjrktG5nsSi4piJQQJ99BCACYeBjFXJ3w3AAAIACOGbhG1\",\n  'Content-Type': 'application/octet-stream'\n};\n\nmsg.payload = image;\n\nreturn msg;\n\n/*\n\n\n*/\n",
        "outputs": 1,
        "timeout": 0,
        "noerr": 0,
        "initialize": "",
        "finalize": "",
        "libs": [],
        "x": 640,
        "y": 1160,
        "wires": [
            [
                "f7bc4fc7d5a4abb7"
            ]
        ]
    },
    {
        "id": "f7bc4fc7d5a4abb7",
        "type": "http request",
        "z": "ce3f6e7a41353d9d",
        "g": "1ef64690b179e9e8",
        "name": "issueToken",
        "method": "POST",
        "ret": "obj",
        "paytoqs": "ignore",
        "url": "https://finalproo-prediction.cognitiveservices.azure.com/customvision/v3.0/Prediction/e34fe780-4517-4985-a99f-8c743b599564/classify/iterations/finalprooo/image",
        "tls": "",
        "persist": false,
        "proxy": "",
        "insecureHTTPParser": false,
        "authType": "",
        "senderr": false,
        "headers": [],
        "x": 830,
        "y": 1160,
        "wires": [
            [
                "8d7950563ba4e304"
            ]
        ]
    },
    {
        "id": "8d7950563ba4e304",
        "type": "function",
        "z": "ce3f6e7a41353d9d",
        "g": "1ef64690b179e9e8",
        "name": "Classify image",
        "func": "// Ensure msg.payload exists and contains predictions\nif (msg.payload && Array.isArray(msg.payload.predictions)) {\n    let results = [];\n\n    // Loop through the predictions array\n    for (let i = 0; i < msg.payload.predictions.length; i++) {\n        const prediction = msg.payload.predictions[i];\n\n        // Lower probability threshold to 50% to capture \"convertible: 52.8%\"\n        if (prediction.probability > 0.5) {\n            results.push(`${prediction.tagName}`);\n        }\n    }\n\n    // If predictions exist, send them; otherwise, send \"n/a\"\n    msg.payload = results.length > 0 ? results.join(\", \") : \"n/a\";\n    return msg;\n} \nelse {\n    node.warn(\"Invalid response format: Expected 'predictions' array in payload.\");\n    msg.payload = \"n/a\";\n    return msg;\n}\n",
        "outputs": 1,
        "timeout": 0,
        "noerr": 0,
        "initialize": "",
        "finalize": "",
        "libs": [],
        "x": 1020,
        "y": 1160,
        "wires": [
            [
                "3fbe6408b82b7c80",
                "796958c4b03e919f",
                "5c6ee0745df68b18"
            ]
        ]
    },
    {
        "id": "3fbe6408b82b7c80",
        "type": "debug",
        "z": "ce3f6e7a41353d9d",
        "g": "1ef64690b179e9e8",
        "name": "debug cv response",
        "active": true,
        "tosidebar": true,
        "console": false,
        "tostatus": false,
        "complete": "true",
        "targetType": "full",
        "statusVal": "",
        "statusType": "auto",
        "x": 1050,
        "y": 1220,
        "wires": []
    },
    {
        "id": "990f96ab5cd3ef15",
        "type": "comment",
        "z": "ce3f6e7a41353d9d",
        "g": "c94f055c43946b0f",
        "name": "Connect to Azure Custom Vision Model",
        "info": "",
        "x": 830,
        "y": 1100,
        "wires": []
    },
    {
        "id": "54e97a40a9194036",
        "type": "exec",
        "z": "ce3f6e7a41353d9d",
        "g": "c94f055c43946b0f",
        "command": "python /home/pi/Desktop/pi_cam/take_photo.py",
        "addpay": "",
        "append": "",
        "useSpawn": "false",
        "timer": "",
        "winHide": true,
        "oldrc": false,
        "name": "Take Photo",
        "x": 550,
        "y": 1060,
        "wires": [
            [],
            [],
            [
                "0fe9dd724d608621"
            ]
        ]
    },
    {
        "id": "796958c4b03e919f",
        "type": "ui_text",
        "z": "ce3f6e7a41353d9d",
        "g": "c94f055c43946b0f",
        "group": "9cc2d1438979d4ab",
        "order": 7,
        "width": 0,
        "height": 0,
        "name": "Waiting Area Crowd Level",
        "label": "Waiting Area Crowd Level:",
        "format": "{{msg.payload}}",
        "layout": "row-spread",
        "className": "",
        "style": false,
        "font": "",
        "fontSize": 16,
        "color": "#000000",
        "x": 1270,
        "y": 1160,
        "wires": []
    },
    {
        "id": "e47777b38fdd90b9",
        "type": "comment",
        "z": "ce3f6e7a41353d9d",
        "g": "6e99029b2ce4ed19",
        "name": "SmartQueue Control Flow",
        "info": "",
        "x": 410,
        "y": 280,
        "wires": []
    },
    {
        "id": "ca547a61edbe30a0",
        "type": "comment",
        "z": "ce3f6e7a41353d9d",
        "g": "501e1619b93c7c36",
        "name": "Physical Value Collection",
        "info": "",
        "x": 410,
        "y": 760,
        "wires": []
    },
    {
        "id": "60c854ad6f68d342",
        "type": "delay",
        "z": "ce3f6e7a41353d9d",
        "g": "501e1619b93c7c36",
        "name": "Set Rate",
        "pauseType": "rate",
        "timeout": "5",
        "timeoutUnits": "seconds",
        "rate": "1",
        "nbRateUnits": "3",
        "rateUnits": "second",
        "randomFirst": "1",
        "randomLast": "5",
        "randomUnits": "seconds",
        "drop": true,
        "allowrate": false,
        "outputs": 1,
        "x": 500,
        "y": 800,
        "wires": [
            [
                "241f8b2ac127d807"
            ]
        ]
    },
    {
        "id": "2b8e0ea67f6838c6",
        "type": "azureiotdevice",
        "z": "ce3f6e7a41353d9d",
        "g": "501e1619b93c7c36",
        "deviceid": "1igq9gduu5f",
        "pnpModelid": "",
        "connectiontype": "dps",
        "authenticationmethod": "sas",
        "iothub": "tcss573-brch.azure-devices.net",
        "isIotcentral": true,
        "scopeid": "0ne00E859AC",
        "enrollmenttype": "device",
        "saskey": "wOKx2ATM0Wlj8gzSEe4FrezrfFtvA0U9K0OM7OI/z50=",
        "certname": "",
        "keyname": "",
        "passphrase": "",
        "protocol": "mqtt",
        "retryInterval": 10,
        "methods": [],
        "DPSpayload": "",
        "gatewayHostname": "",
        "caname": "",
        "cert": "",
        "key": "",
        "ca": "",
        "x": 980,
        "y": 800,
        "wires": [
            []
        ]
    },
    {
        "id": "da8e31beafdb887e",
        "type": "function",
        "z": "ce3f6e7a41353d9d",
        "g": "6e99029b2ce4ed19",
        "name": "sync new customer to data storage",
        "func": "msg = {\n    'topic' : 'telemetry',\n    'payload' : {'new_customer': 1}\n};\n\nreturn msg;",
        "outputs": 1,
        "timeout": 0,
        "noerr": 0,
        "initialize": "",
        "finalize": "",
        "libs": [],
        "x": 620,
        "y": 620,
        "wires": [
            [
                "2b8e0ea67f6838c6",
                "2ec478484cedf80b"
            ]
        ]
    },
    {
        "id": "5c6ee0745df68b18",
        "type": "function",
        "z": "ce3f6e7a41353d9d",
        "g": "c94f055c43946b0f",
        "name": "sync crowd level to data storage",
        "func": "crowd_level = msg.payload;\nmsg = {\n    'topic' : 'telemetry',\n    'payload' : {'crowd_level': crowd_level}\n};\n\nreturn msg;",
        "outputs": 1,
        "timeout": 0,
        "noerr": 0,
        "initialize": "",
        "finalize": "",
        "libs": [],
        "x": 1070,
        "y": 1060,
        "wires": [
            [
                "2b8e0ea67f6838c6",
                "f7c16d8a7bf06167"
            ]
        ]
    },
    {
        "id": "caf1af0d060a4fa9",
        "type": "influxdb out",
        "z": "ce3f6e7a41353d9d",
        "g": "501e1619b93c7c36",
        "influxdb": "a87db314704f25ce",
        "name": "smartQueue DB - env_temp",
        "measurement": "env_temp",
        "precision": "",
        "retentionPolicy": "",
        "database": "database",
        "precisionV18FluxV20": "ms",
        "retentionPolicyV18Flux": "",
        "org": "organisation",
        "bucket": "bucket",
        "x": 1000,
        "y": 760,
        "wires": []
    },
    {
        "id": "f7c16d8a7bf06167",
        "type": "influxdb out",
        "z": "ce3f6e7a41353d9d",
        "g": "c94f055c43946b0f",
        "influxdb": "a87db314704f25ce",
        "name": "smartQueue DB - crowdness",
        "measurement": "crowdness",
        "precision": "",
        "retentionPolicy": "",
        "database": "database",
        "precisionV18FluxV20": "ms",
        "retentionPolicyV18Flux": "",
        "org": "organisation",
        "bucket": "bucket",
        "x": 1380,
        "y": 1060,
        "wires": []
    },
    {
        "id": "2ec478484cedf80b",
        "type": "influxdb out",
        "z": "ce3f6e7a41353d9d",
        "g": "6e99029b2ce4ed19",
        "influxdb": "a87db314704f25ce",
        "name": "smartQueue DB - customer",
        "measurement": "customer",
        "precision": "",
        "retentionPolicy": "",
        "database": "database",
        "precisionV18FluxV20": "ms",
        "retentionPolicyV18Flux": "",
        "org": "organisation",
        "bucket": "bucket",
        "x": 960,
        "y": 640,
        "wires": []
    },
    {
        "id": "9cc2d1438979d4ab",
        "type": "ui_group",
        "name": "Restaurant Tables",
        "tab": "8ea0f9ea87adc2a6",
        "order": 1,
        "disp": true,
        "width": 6,
        "collapse": false
    },
    {
        "id": "7b76a3b029c4bbda",
        "type": "board-config",
        "board": "GrovePi"
    },
    {
        "id": "a87db314704f25ce",
        "type": "influxdb",
        "hostname": "127.0.0.1",
        "port": 8086,
        "protocol": "http",
        "database": "smartqueue",
        "name": "influxDB",
        "usetls": false,
        "tls": "",
        "influxdbVersion": "1.x",
        "url": "http://localhost:8086",
        "timeout": 10,
        "rejectUnauthorized": true
    },
    {
        "id": "8ea0f9ea87adc2a6",
        "type": "ui_tab",
        "name": "Restaurant",
        "icon": "dashboard",
        "order": 1,
        "disabled": false,
        "hidden": false
    }
]